,Gender,Age,Education_lev,fluidIQ,freq_calls,freq_Tools,freq_Finance,freq_Games,freq_Entertainment,freq_Productivity,freq_Personalization,freq_News...Magazines,freq_Unknown,freq_Photography,freq_Shopping,freq_Communication,freq_Books...Reference,freq_Travel...Local,freq_Music...Audio,freq_Medical,freq_Education,freq_Business,freq_Lifestyle,freq_Transportation,freq_Weather,freq_Sports,freq_Browser,freq_Health...Fitness,freq_Media...Video,freq_Social,freq_Comics,dur_calls,dur_Tools,dur_Finance,dur_Games,dur_Entertainment,dur_Productivity,dur_Personalization,dur_News...Magazines,dur_Unknown,dur_Photography,dur_Shopping,dur_Communication,dur_Books...Reference,dur_Travel...Local,dur_Music...Audio,dur_Medical,dur_Education,dur_Business,dur_Lifestyle,dur_Transportation,dur_Weather,dur_Sports,dur_Browser,dur_Health...Fitness,dur_Media...Video,dur_Social,dur_Comics
24,2,20,4,0.4028,202,147,0,161,11,61,0,4,19,51,0,1609,4,161,8,0,0,0,0,0,0,0,128,0,4,375,0,44.43069307,18.82583165,0.0,350.9396192,41.33333333,51.47012768,0.0,151.0,5.55182975,38.47805209,0.0,30.6377047,0.0,41.71776583,0.0,0.0,0.0,0.0,0.0,0.0,0.0,0.0,69.74156659,0.0,0.0,26.82611337,0.0
119,2,22,4,0.8666,305,129,0,83,0,68,0,4,5,64,0,1650,2,17,41,0,2,0,11,72,0,2,294,0,40,6,0,80.33114754,15.16636712,0.0,215.99432439999998,0.0,19.87224341,0.0,0.0,2.426143192,17.24838175,0.0,32.13346066,0.0,67.38940255,28.3822877,0.0,93.0,0.0,87.0,50.23628309,0.0,0.0,123.43401340000001,0.0,490.8329471,0.0,0.0
117,1,23,5,1.3298,31,247,0,185,21,729,0,14,36,459,0,3754,8,0,23,0,0,19,30,0,38,0,468,99,30,10,0,0.0,11.22501718,0.0,64.69223387,38.44444444,9.057993372,0.0,24.0,2.524809916,27.50858792,0.0,50.78287851,0.0,0.0,6.345890657000001,0.0,0.0,27.78185366,47.40803711,0.0,22.68168219,0.0,66.56704542,5.017982277,23.86403641,0.0,0.0
113,2,19,4,0.5920000000000001,71,208,0,88,62,130,0,26,19,132,15,1591,2,52,123,0,0,0,159,34,1,38,505,104,17,1351,2,0.0,18.07440178,0.0,1148.885365,91.09656587,24.21117325,0.0,124.20159240000001,4.7527352789999995,26.13726145,98.64625965,53.26780233,0.0,46.50055549,15.23661094,0.0,0.0,0.0,17.88004756,61.16138524,21.0,49.20003148,48.39914859,69.0891,35.29781385,73.13441014,0.0
38,1,22,4,0.8775,22,286,45,153,71,111,0,56,18,33,10,636,19,42,141,0,0,8,0,69,17,30,70,14,9,56,0,47.72727273,23.95321953,53.11009867,318.9704465,67.59333689,32.19167175,0.0,44.27511561,2.0,19.21232776,0.0,38.67716324,19.55555556,46.89267854,12.59983913,0.0,0.0,51.0,0.0,50.30886517,15.53846154,77.84019083,104.43043709999999,17.5571593,2.0,64.07199203,0.0
22,2,20,4,0.08199999999999999,209,245,0,243,35,119,0,0,25,194,23,1769,13,48,40,0,0,23,0,134,44,0,411,0,61,303,0,55.6937799,11.29367239,0.0,74.17537699,167.9766378,24.54699763,0.0,0.0,3.224737975,19.05312019,34.64306662,31.966393699999998,35.29183203,51.16850145,43.12176279,0.0,0.0,41.54785039,0.0,50.81745255,8.342008316,0.0,83.09725995,0.0,47.56951088,50.79051185,0.0
96,2,19,4,0.1788,105,2130,2,8,240,734,0,11,1598,1257,30,5383,64,75,87,294,3,65,9,70,38,0,946,20,121,687,0,24.98095238,5.2506266660000005,1.0,0.0,49.31526816,22.29202448,0.0,0.0,2.900576305,14.14434844,205.21087980000001,29.30710795,60.01638114,35.22626149,10.68551297,64.62607465,2.0,15.49760972,73.0,47.76753518,7.9174402960000005,0.0,65.96712612,213.33712319999998,1.741676442,84.99214435,0.0
6,1,23,5,0.4192,47,459,0,9,135,447,0,10,33,134,0,1433,24,84,12,0,37,51,0,53,29,0,104,14,28,308,0,684.212766,10.14007354,0.0,19.16803834,19.19088003,14.40957806,0.0,6.392009,3.818803305,13.75297893,0.0,21.94138453,3.32667374,17.31003904,3.995560298,0.0,20.62502464,5.435565389,0.0,20.76975594,2.0,0.0,33.79831795,18.47335548,20.48699104,22.69359604,0.0
98,2,27,5,0.9759,75,223,0,0,10,306,0,97,24,273,0,3518,4,144,395,0,0,4,0,0,0,0,1001,0,6,557,0,32.96,9.140533158,0.0,0.0,0.0,4.098828152,0.0,9.507027969,2.480491574,32.72182132,0.0,29.85066366,0.0,30.74690714,2.529880845,0.0,0.0,28.560128600000002,0.0,0.0,0.0,0.0,73.88792625,0.0,2.0,35.97496721,0.0
56,2,26,4,0.6243,113,227,12,10,93,332,0,80,37,296,5,1848,57,132,68,2,49,21,165,128,0,0,400,40,66,12,0,19.16814159,29.31556468,63.44444444,897.4444444000001,165.02476069999997,30.08939912,0.0,106.64804009999999,5.852808177000001,22.88166326,44.91010023,44.60897006,50.86576218,69.24430794,17.84650042,4.0,83.36984404,61.23893289,28.81750795,44.11879962,0.0,0.0,91.3301266,24.98701879,35.64563897,123.6,0.0
36,2,26,4,0.6427,139,393,0,0,175,118,0,12,53,85,0,2348,16,34,21,0,0,21,5,100,1,0,1453,0,15,10,0,7.050359712000001,11.63408056,0.0,0.0,268.4469222,25.89774325,0.0,0.0,2.662403242,21.12235361,0.0,34.48126974,11.23002055,53.29876678,4.135406515,0.0,0.0,38.760064,72.8,50.14467796,2.0,0.0,87.01818762,0.0,60.43196208,78.0,0.0
129,2,23,5,1.2624,260,455,4,32,76,312,1,5,78,48,73,3561,28,95,71,0,2,2,47,207,2,0,322,234,0,471,5,63.26153846,15.62569802,10.0,67.09622626,22.51541153,14.30119568,4.0,12.0,2.0,18.99203969,26.37029046,13.19314158,39.75506204,59.78773231,5.374709734,0.0,218.0,32.0,13.90455312,21.54636228,0.0,0.0,29.37396529,8.966434533,0.0,36.94587683,62.08015935
58,1,23,4,-0.3345,62,68,0,0,13,45,0,0,729,56,0,653,4,13,150,0,0,0,0,17,0,0,27,6,3,141,0,38.88709677,16.69507981,0.0,0.0,59.5645531,19.82615302,0.0,0.0,8.22876124,34.04869912,0.0,37.28746033,0.0,44.21010701,35.47648931,0.0,0.0,0.0,0.0,52.75,0.0,0.0,33.38537012,0.0,2.0,70.28571949,0.0
33,1,21,4,1.0549,84,1420,43,370,311,120,15,213,1417,226,17,1773,4,42,296,0,109,34,150,68,12,1,321,26,5,37,0,66.0952381,1.993703089,58.41399216,13.36514225,99.1357757,10.47795286,2.995008098,105.5207751,3.364168769,7.402690439,34.02404745,11.62801215,0.0,45.41917328,9.786285741,0.0,2.369871406,16.19671864,13.9410473,34.43194967,18.29911854,14.0,37.516518299999994,13.61000882,4.0,3.9900111369999998,0.0
15,2,19,4,0.9034,253,300,0,0,19,55,0,22,14,227,0,2083,13,24,7,0,0,12,0,48,6,0,99,0,13,275,0,0.0,24.80403033,0.0,0.0,51.33335123,42.26528563,0.0,18.67823832,2.798900498,26.22566118,0.0,27.12344478,74.0712812,77.70095141,0.0,0.0,0.0,23.83333333,0.0,70.93586182,2.0,0.0,70.28008677,0.0,36.85714286,100.38250620000001,0.0
57,2,30,4,0.4939,96,303,0,447,32,232,0,30,16,154,15,1843,0,33,9,0,0,0,55,0,0,5,382,6,19,776,0,4.0625,13.84350809,0.0,356.49118510000005,61.03919445,28.41402921,0.0,10.95505012,3.3315357530000003,17.460053,50.18181818,27.77813924,0.0,46.4747372,1.0,0.0,0.0,0.0,70.87319401,0.0,0.0,2.0,90.78980158,9.0,63.02752122,66.82189018,0.0
12,2,27,2,0.6785,178,373,0,0,26,68,0,6,30,196,0,2255,19,12,8,0,0,14,122,0,0,0,25,0,143,460,0,459.05056179999997,27.94215925,0.0,0.0,140.42364619999998,34.17303872,0.0,0.0,2.636720743,23.27243976,0.0,30.02038278,20.62430508,32.0,33.0,0.0,0.0,44.42008285,48.85797653,0.0,0.0,0.0,98.05834473,0.0,40.17784274,107.39091189999999,0.0
93,2,19,4,0.8702,128,276,1,19,41,99,0,16,91,214,0,1699,27,20,16,0,0,95,10,119,0,0,708,28,32,10,0,76.8671875,12.44325638,5.0,42.76923077,142.7175666,11.08054287,0.0,29.0,3.6323965960000004,28.16635371,0.0,49.46034096,18.79430432,57.125,11.3385935,0.0,0.0,34.26932067,60.93006479,62.97513261,0.0,0.0,77.33096881,86.84785464,89.61492276,0.0,0.0
55,1,27,5,0.4087,618,1397,20,22,221,853,13,230,1100,180,3,2733,38,127,279,0,7,23,45,12,2,67,1067,11,99,255,0,91.45469256,9.555894231,46.73848231,126.61621140000001,9.765227954,13.94041939,10.4760266,53.06306362,5.019853076,6.368620898,20.95005569,13.62429205,36.77329511,63.11027402,12.22343817,0.0,5.485018257999999,14.9657506,39.9114419,27.43407826,131.0,15.47434518,52.32875844,42.96574922,15.92155358,26.51113534,0.0
125,2,25,5,0.5943,461,195,47,0,22,118,0,8,22,425,0,3071,34,140,87,54,33,13,26,165,22,0,496,26,4,122,0,75.12581345,20.67767657,13.35797201,0.0,70.21928492,25.37823657,0.0,0.0,2.797539243,11.70197542,0.0,18.41739316,38.94672474,38.78339262,22.75491292,2.0,25.65223942,52.14196768,16.16192603,38.15855024,30.38895206,0.0,56.55365539,39.02461412,0.0,52.76816976,0.0
88,2,25,5,0.1266,85,243,0,0,22,87,0,10,2,56,17,1382,20,33,6,0,0,0,0,59,0,38,270,0,2,614,0,0.0,6.170292089,0.0,0.0,51.13231581,24.72123758,0.0,0.0,2.3897568280000003,29.98643297,72.35671677,15.64207301,27.1875,78.37433736,0.0,0.0,0.0,0.0,0.0,52.92824621,0.0,39.50720244,65.48846582,0.0,0.0,29.55399562,0.0
133,1,27,5,1.3344,237,308,110,51,24,325,0,246,53,141,21,3921,23,287,67,0,25,6,52,88,35,0,410,503,12,67,0,82.09704641,18.9731077,40.08044892,55.10277102,148.40165249999998,25.21560788,0.0,111.6523557,3.5368237639999998,18.78718142,21.8,36.00120738,27.46153846,45.50525402,32.56319951,0.0,306.6,93.16666667,66.15679369,30.25028677,26.11684734,0.0,71.31005889,38.82516318,45.94292621,59.94333758,0.0
107,1,26,4,0.7652,349,319,0,183,8,86,0,65,327,206,0,1391,0,52,139,0,0,12,1,0,19,0,163,0,2,0,0,54.573065899999996,7.8194780139999995,0.0,135.87878380000004,45.88013365,32.51382268,0.0,193.7995552,3.4564619289999996,16.19883229,0.0,22.09289096,0.0,50.78819002,10.67258775,0.0,0.0,63.51210146,3.0,0.0,45.65416356,0.0,54.18724264,0.0,92.0,0.0,0.0
63,2,22,4,0.9043,350,412,0,0,28,60,1,8,3,53,0,1550,2,16,17,0,0,1,0,0,0,0,180,0,4,163,0,92.65428571,4.448653656,0.0,0.0,101.2217109,24.44730752,2.0,0.0,2.961000129,9.011514782999999,0.0,32.37280708,0.0,21.19600318,8.483353199,0.0,0.0,52.0,0.0,0.0,0.0,0.0,58.71374918,0.0,0.0,74.03520951,0.0
80,1,24,5,0.4346,135,183,7,0,8,125,0,6,81,42,0,1137,0,50,6,0,0,0,26,63,0,0,233,0,0,433,0,19.58518519,16.65768077,110.3003706,0.0,22.0,20.84957791,0.0,3.163337044,4.725880146000001,18.49191291,0.0,29.56241028,0.0,61.71218749,0.0,0.0,0.0,0.0,45.859548600000004,63.91561108,0.0,0.0,104.8605322,0.0,0.0,101.36615079999999,0.0
4,2,23,4,0.9785,244,140,0,164,20,140,1,0,3284,266,0,2153,14,141,13,0,0,0,0,6,72,0,363,0,10,15,0,98.16393443,8.812731666,0.0,43.50091128,3.621454678,14.40982493,6.0,0.0,2.502265076,11.13279816,0.0,26.96856481,67.71268845,48.22320658,2.245005873,0.0,0.0,0.0,0.0,77.33333333,3.812671375,0.0,30.3355293,0.0,9.0,16.40000874,0.0
30,2,22,4,0.2014,114,450,0,170,111,176,0,72,43,186,2,6947,14,49,110,0,0,21,1,210,47,0,1080,11,26,12,0,0.0,6.284654053,0.0,43.61587314,51.83963102,18.45373985,0.0,46.36827633,2.6923021510000003,14.01336278,0.0,22.11740659,20.97336516,46.13235838,11.90209272,0.0,0.0,22.408770399999998,0.0,34.04515441,4.220779682,0.0,87.89590569,42.10767339,152.0208276,0.0,0.0
69,2,26,4,-0.4214,79,188,0,0,15,146,0,12,10,71,0,860,7,10,5,0,0,7,0,0,91,0,300,0,24,8,0,8.101265823,6.4684107829999995,0.0,0.0,39.31441405,21.94088151,0.0,5.0,10.13201733,22.17900716,0.0,8.8287606,2.0,42.39117105,6.0,0.0,0.0,5.326673722,0.0,0.0,17.54884201,0.0,52.58080133,0.0,6.42857221,4.0,0.0
136,1,27,5,0.3734,874,369,37,2,132,161,0,532,92,58,26,3803,145,97,326,0,14,1,0,74,21,0,432,34,20,318,0,154.1327231,10.37365491,32.23668174,127.0,164.02671,14.20653118,0.0,91.43647722,3.783936575,20.44963529,45.48955892,18.31679663,16.12336146,57.37919294,19.23137197,0.0,66.6655085,18.0,0.0,41.5835338,11.19288237,0.0,72.45283754,26.64646572,113.3523008,79.28560824,0.0
84,2,24,4,1.263,832,180,0,0,13,61,0,4,28,141,0,1808,4,60,21,0,0,14,0,2,75,0,64,0,2,7,0,143.99759619999998,18.81383373,0.0,0.0,38.33333333,41.18775353,0.0,0.0,6.894320982999999,38.79066327,0.0,15.20409134,21.0,90.42929517,10.09090909,0.0,0.0,97.71428571,0.0,0.0,29.73018094,0.0,51.80378979,0.0,0.0,6.0,0.0
76,1,19,4,0.9055,90,287,0,384,90,88,0,0,18,33,0,5468,239,23,159,0,0,52,0,114,0,15,1292,0,2,41,0,29.54444444,12.36088803,0.0,133.99259080000002,100.8179651,22.29818687,0.0,0.0,2.113905912,15.25657518,0.0,41.39059785,11.8427326,62.74004529,14.07894733,0.0,0.0,23.89335318,0.0,47.60405551,0.0,48.22863246,94.41954079,0.0,0.0,31.59277671,0.0
68,2,19,4,0.9253,116,39,0,13,23,24,0,90,2,27,1,1233,1,4,39,43,0,0,252,53,2,0,31,0,2,218,0,71.56034483,28.15882348,0.0,501.7142857,165.7201364,17.67203332,0.0,250.52905479999998,6.2389772279999995,6.825283752000001,929.0,63.41340517,108.0,231.0,19.31718637,14.98422312,0.0,0.0,25.06031932,86.92632335,62.5,0.0,93.0779959,0.0,0.0,262.2217983,0.0
92,2,26,5,0.539,311,132,0,355,0,192,0,62,16,226,0,1831,4,56,1,0,2,0,0,50,0,0,382,0,0,293,0,110.244373,18.88695846,0.0,350.16016329999997,0.0,24.54441099,0.0,104.33548950000001,3.32576609,15.07678467,0.0,34.78567095,0.0,32.95492697,22.0,0.0,70.5,0.0,0.0,39.78781993,0.0,0.0,42.34412442,0.0,0.0,56.84394098,0.0
5,1,25,5,0.2092,244,44,0,3,4,29,0,4,8,5,0,716,2,23,27,0,0,1,0,0,3,0,166,2,0,2,0,149.4795082,12.00968459,0.0,563.0,0.0,16.81278877,0.0,0.0,5.079446021,87.79524612,0.0,18.37842626,0.0,28.40383971,9.307286082000001,0.0,0.0,30.0,0.0,0.0,36.03995545,0.0,138.68868500000002,157.0,0.0,0.0,0.0
47,1,20,4,-0.2055,135,277,0,0,0,367,0,2,144,152,0,1379,0,9,612,0,42,0,0,0,0,0,1033,0,4,0,0,22.32592593,9.453412449,0.0,0.0,0.0,12.05295697,0.0,0.0,2.8872180689999998,34.91968777,0.0,32.61346502,0.0,60.8,11.10388447,0.0,51.12939961,0.0,0.0,0.0,0.0,0.0,84.7066002,0.0,2.0,0.0,0.0
45,2,21,4,0.9461,401,237,0,210,10,54,0,16,25,131,12,1993,69,73,12,0,22,40,34,91,17,0,343,0,15,608,0,157.72319199999998,9.027679632,0.0,333.5608789,11.0,12.73424382,0.0,0.0,4.762248859,38.09178873,31.63805921,29.47633052,48.01937878,78.00985337,0.0,0.0,12.5,33.72844888,33.25342913,54.92106274,23.73751348,0.0,67.40755805,0.0,50.85016403,79.18397059,0.0
18,1,31,5,-0.2644,601,326,146,110,41,1761,13,53,5677,135,39,3827,5,90,223,0,15,95,8,54,12,0,368,0,45,206,0,91.44093178,18.02691362,64.94546975,70.94576297,100.8522865,15.56651729,12.4866773,98.29350974,5.518634681,18.95965316,76.61582385,30.714260600000003,329.6666667,39.66230683,73.35106529,0.0,171.86546830000003,37.67907113,149.50726840000002,86.56350127,18.472883,0.0,39.62729832,0.0,56.46731251,35.39333417,0.0
131,2,18,4,1.2295,199,609,9,285,406,387,0,11,388,99,0,1874,114,58,186,0,56,34,0,108,17,0,224,0,16,374,0,174.8693467,6.681202052000001,46.85714286,198.61136480000002,7.6784195429999995,13.14384461,0.0,47.92674266,3.334681015,16.09710308,0.0,25.54673281,17.13917098,46.49250456,7.724946584,0.0,22.278083,50.114546999999995,0.0,35.02571203,31.95001885,0.0,55.95336548,0.0,44.59008504,91.71563885,0.0
128,2,19,4,0.5735,138,218,0,0,111,104,65,4,102,182,29,1491,73,44,27,0,0,32,16,1,0,0,544,17,5,819,0,60.66666667,8.631371135,0.0,0.0,17.71624684,22.08798008,85.64337459,0.0,3.840283893,20.40997835,39.99748735,51.87686693,49.73867703,51.14135433,26.0,0.0,0.0,59.909352399999996,59.47215085,0.0,0.0,0.0,71.84619146,176.54042890000002,0.0,48.58815971,0.0
112,1,25,5,1.2022,173,1041,0,30,63,116,4,6,737,141,19,1919,4,18,382,0,9,0,12,26,50,0,240,205,14,872,0,53.53179191,5.039091639,0.0,89.00720636,50.31364225,18.62473208,0.0,0.0,3.040623053,8.102430927999999,35.653791299999995,14.69781279,0.0,37.0250667,7.052419319,0.0,273.86547060000004,0.0,0.75,46.63480034,10.42148358,0.0,30.40986251,37.59955642,18.9372874,44.46601823,0.0
83,2,26,4,-0.3376,318,292,0,0,6,99,0,141,56,49,5,2218,4,32,14,6,0,2,0,18,0,0,117,23,4,4,0,230.4150943,19.37613057,0.0,0.0,122.0,29.57088016,0.0,177.7527577,15.32407372,29.21780935,246.0,46.81800035,0.0,117.7873527,12.39835378,46.905105799999994,0.0,86.0,0.0,50.41275988,0.0,0.0,123.271596,60.611875600000005,0.0,25.0,0.0
123,1,41,4,0.8845,1001,94,0,10,4,146,0,11,9,11,0,2136,4,116,57,0,0,10,0,4,0,0,12,0,16,10,0,96.34665335,18.25454053,0.0,0.0,0.0,25.90061026,0.0,80.0,3.54669373,10.54545455,0.0,28.58964083,0.0,36.98876026,30.5767766,0.0,0.0,0.0,0.0,0.0,0.0,0.0,10.47003341,0.0,0.0,0.0,0.0
59,2,19,4,0.7233,354,278,0,29,96,128,0,0,20,141,17,2841,18,49,27,46,0,65,11,77,5,0,227,0,0,670,0,72.10169492,18.22090803,0.0,103.4176667,92.09519287,25.39864753,0.0,0.0,2.9968610630000003,22.30023245,111.0,28.21164288,50.28017559,50.70458477,12.69084457,3.457952508,0.0,10.92530237,110.6059822,41.73580354,22.66667561,0.0,50.17299971,0.0,0.0,65.32635970000001,0.0
1,1,21,4,0.9921,98,239,3,0,21,88,0,4,42,113,23,3430,5,19,4,0,0,7,0,34,0,0,187,0,1,211,0,176.21428569999998,21.20123595,77.0,0.0,292.6953664,29.82364569,0.0,0.0,2.149066178,16.75314657,90.80437962,42.19741093,52.0,53.70294692,0.0,0.0,0.0,24.28571429,0.0,74.58764491,0.0,0.0,95.82911038,0.0,0.0,82.58195373,0.0
0,1,23,4,0.7251,120,414,0,40,51,553,0,8,31,260,52,1930,3,128,113,0,11,1,7,153,0,184,231,176,1,8,0,80.50833333,19.98923409,0.0,474.1497414,66.14281193,27.29980671,0.0,63.48294756,5.5948656429999994,22.30645631,62.54180805,60.22236339,102.0,66.64077967,19.27336697,0.0,35.31607592,4.0,60.66666667,55.46902727,0.0,124.44737109999998,72.5028561,125.3829965,140.0,0.0,0.0
60,1,22,4,1.4571,150,3859,8,2893,218,184,14,8,3661,180,9,2602,17,49,94,0,28,2,34,31,0,38,192,11,21,178,0,13.0,0.0,0.0,71.49655799,203.35418080000002,11.58993526,31.54605781,0.0,2.72348185,3.890978211,54.42857143,14.52561515,10.59200979,54.58823529,7.924092907,0.0,32.1813026,0.0,84.41252371,31.53303993,0.0,17.88002767,43.53505036,6.0,14.0,26.26981924,0.0
89,2,27,4,1.3434,143,194,31,138,16,182,0,10,51,255,25,2256,7,36,13,0,27,5,37,79,0,0,152,6,18,369,0,0.0,10.16475461,91.73194361,121.69463780000001,45.16666667,16.92015612,0.0,0.0,3.137911281,24.17552363,109.73333329999998,32.51168782,8.0,72.56671661,2.280005711,0.0,39.38800471,5.0,27.58714988,54.88468188,0.0,0.0,76.06788399999999,0.0,51.0,70.69561987,0.0
3,2,34,5,0.7387,89,157,0,0,41,75,2,4,3625,102,0,3140,256,108,21,0,0,9,0,3,108,0,263,53,4,118,0,35.31460674,20.67772305,0.0,0.0,84.17302801,31.06952229,99.0,0.0,3.227028832,17.03065505,0.0,41.0594892,30.19328458,42.85790792,15.2534274,0.0,0.0,11.40574214,0.0,2.0,28.18058227,0.0,50.14630932,37.60006769,0.0,63.63065532,0.0
66,1,28,4,0.8435,735,286,0,0,42,139,0,79,377,73,0,1941,24,140,37,0,0,17,17,22,19,0,557,0,22,10,0,85.67755102,24.46967571,0.0,0.0,77.99170658,24.03332462,0.0,80.16043215,5.787132248,11.35680411,0.0,20.48074575,72.30810814,84.91091688,17.65667287,0.0,0.0,40.21428571,36.99016433,36.0,15.36842105,0.0,54.20892028,0.0,11.51540818,0.0,0.0
121,2,23,4,0.9769,176,246,0,30,31,65,0,15,7,42,1,1493,14,31,196,48,0,1,20,78,0,0,274,120,19,879,0,43.57954545,11.69165495,0.0,350.63795439999996,191.68983980000002,15.35751245,0.0,4.0,3.788097394,43.77792386,0.0,24.38397811,23.84287727,53.84554874,14.27587475,4.655430386,0.0,27.0,0.0,47.55280354,0.0,0.0,54.08188439,6.09459366,20.24005118,46.94813308,0.0
28,2,25,5,0.1229,17,159,0,94,19,45,0,12,137,40,0,356,8,14,2,0,2,22,0,47,53,0,127,0,5,10,0,0.0,5.7147294639999995,0.0,481.5471676,83.02868666,17.84170666,0.0,0.0,2.964727364,21.87288956,0.0,43.34516553,16.32667409,56.66666667,0.0,0.0,582.0,72.35907370000001,0.0,40.26430914,12.27024426,0.0,70.72311593,0.0,28.0,0.0,0.0
23,2,50,2,-0.9661,98,56,0,0,12,103,0,12,4,144,0,1882,4,8,6,0,0,2,0,4,0,0,72,0,75,9,0,0.0,26.66676167,0.0,0.0,0.0,21.39204637,0.0,0.0,10.74449164,32.626397999999995,0.0,60.74489784,0.0,0.0,0.0,0.0,0.0,35.0,0.0,56.0,0.0,0.0,51.54325809,0.0,31.9746321,4.0,0.0
19,1,23,4,0.0911,416,1428,56,14,307,529,6,50,1052,190,51,2111,32,73,72,0,0,4,59,153,8,0,1103,0,59,142,0,163.14423080000003,8.792905994,44.76514585,0.0,14.43791669,3.8633837410000003,6.988013785,25.46345745,4.898367132,9.828503235,37.93265886,17.63653292,17.3978326,17.24094408,4.895117048,0.0,0.0,7.810025336,43.91596641,42.21875876,17.5,0.0,35.566683700000006,0.0,13.73879434,24.39149164,0.0
106,1,21,4,-0.0214,174,1172,0,352,72,680,0,915,59,303,76,4560,657,168,673,0,4,0,192,74,55,0,1322,431,18,1774,0,25.01724138,16.61184752,0.0,247.5556606,30.83814104,24.63919633,0.0,152.83293600000002,2.0,21.96891671,46.47878106,31.03627412,12.00084019,39.41073489,12.28180488,0.0,0.0,0.0,43.42036931,29.45006056,15.14049166,0.0,34.931574600000005,42.40780537,2.0,86.31465802,0.0
29,2,23,4,-0.0782,238,237,0,163,21,40,0,16,113,90,7,2364,7,6,359,0,0,0,0,39,110,0,67,0,2,72,0,255.2773109,16.99224261,0.0,254.49895069999997,231.2,27.285234000000003,0.0,0.0,2.942063133,22.81196346,57.4,37.38131005,41.94006682,51.34006607,10.65524399,0.0,0.0,0.0,0.0,55.98113034,34.91576,0.0,66.02597382,0.0,0.0,98.19622375,0.0
49,2,20,4,0.5569,138,112,4,168,10,95,0,6,9,83,0,760,10,16,29,0,0,0,0,43,2,0,118,0,4,170,0,56.46376812,26.94899302,75.0,80.0165811,55.99020774,22.48954924,0.0,0.0,5.222657663000001,20.70847923,0.0,41.80246707,15.66666667,73.44011959,32.75009379,0.0,0.0,0.0,0.0,43.43108617,27.0,0.0,119.44877079999999,0.0,0.0,102.9920781,0.0
32,1,29,5,0.8474,246,269,0,0,33,198,0,0,4,138,0,1815,7,35,135,0,15,15,0,37,22,0,272,27,12,89,0,0.0,9.151020087000001,0.0,0.0,164.8503812,22.70519115,0.0,0.0,17.28145513,20.40074639,0.0,30.29437084,84.20329443,45.34311947,10.30637793,0.0,47.15287074,65.75686148,0.0,60.54294977,14.58801414,0.0,72.83017749,62.38461538,45.02350439,18.46285731,0.0
87,1,25,5,0.9174,248,181,33,0,14,138,0,11,52,211,8,2184,2,66,17,0,0,60,79,16,28,130,26,0,10,294,0,405.4717742,18.82045624,47.17777032,0.0,159.2343156,38.11031085,0.0,2.0,4.841989521,22.51933846,45.42208693,27.36640963,0.0,46.69819417,8.635720101,0.0,0.0,38.67892843,51.11295218,57.54757967,43.16353795,68.09365971,74.62491067,0.0,35.0,88.57897543,0.0
101,2,18,4,0.1532,377,95,0,122,22,30,0,132,10,43,0,1555,10,13,31,2,0,5,88,8,0,0,92,0,4,57,0,192.3342175,22.00832409,0.0,338.2940034,47.85009218,30.39679013,0.0,30.99713669,4.577754468999999,33.19788609,0.0,33.66714477,0.0,36.96004455,4.985897798,8.0,0.0,52.26674553,17.96280052,77.59812272,0.0,0.0,73.76262679999999,0.0,0.0,42.99712991,0.0
110,1,26,5,0.5352,288,127,0,4,6,55,0,143,5,32,0,652,8,29,11,0,0,2,23,2,0,0,41,40,2,18,0,117.86458329999999,41.11525661,0.0,0.0,0.0,20.70456861,0.0,90.87450354,4.695353184,22.077166300000002,0.0,13.346040700000001,0.0,54.32289075,12.0,0.0,0.0,14.0,29.02403684,18.0,0.0,0.0,39.95100353,110.3475572,0.0,0.0,0.0
35,2,24,4,0.9327,204,161,0,100,41,147,0,35,26,158,18,2683,44,41,89,0,0,17,16,74,1,1,335,0,18,658,0,1347.676471,18.68205505,0.0,284.3741097,132.4172166,24.5070914,0.0,32.4,11.60307614,19.82123169,55.73207186,35.07153287,36.98643364,54.27272727,18.20604269,0.0,0.0,8.970035153,0.0,55.78631109,2.0,23.0,57.38817329,0.0,19.29338219,64.47408992,0.0
81,2,20,4,0.9814,113,151,0,321,80,156,0,6,5,132,0,2364,6,21,185,47,0,0,0,24,13,22,639,0,4,386,0,71.81415929,13.05913239,0.0,517.7627878999999,121.58772479999999,23.36890375,0.0,0.0,3.291412155,48.83300992,0.0,40.79150375,0.0,109.072235,28.88554722,9.072442707,0.0,0.0,0.0,91.66146329,18.23667259,80.55399781,112.9626385,0.0,0.0,36.84892073,0.0
116,1,27,5,1.368,134,886,0,13,44,130,0,191,16,2,512,1307,7,63,25,0,0,33,9,2,1,384,875,23,10,127,0,68.05223881,3.888922542,0.0,254.33333330000002,132.02993840000002,20.74605263,0.0,82.94717581,2.9252359789999995,53.0,33.40212182,11.257619199999999,82.0,39.71556648,10.65334953,0.0,0.0,36.41911268,65.0,0.0,14.0,30.64334319,65.15353943,17.3,55.80022274,13.60183777,0.0
135,2,26,5,0.0797,49,104,0,7,13,45,0,49,40,23,66,541,10,27,20,0,0,0,9,44,1,0,26,11,14,48,0,0.0,11.25195943,0.0,63.46690469,64.0,36.53253651,0.0,97.74100851,5.065949795,25.02478945,39.996221000000006,34.31092821,0.0,61.89877764,16.26003116,0.0,0.0,0.0,5.9800222739999995,52.04538613,17.0,0.0,40.24775805,24.0,0.0,27.36240118,0.0
85,2,20,4,0.9317,372,1082,0,603,32,380,24,4,658,439,0,7765,42,184,38,50,0,1,38,0,105,0,590,8,108,3800,0,47.77956989,1.897833104,0.0,132.8626071,93.0,22.68726048,1.0,0.0,2.24630239,11.02873037,0.0,14.72791952,15.67488005,39.5350776,6.170653415,1.6322454869999998,0.0,12.0,1.465628676,0.0,13.33776609,0.0,37.53105067,0.0,13.05772015,25.55253229,0.0
104,1,26,5,1.7384,32,4,0,55,2,7,0,2,2,17,0,223,0,1,1,0,0,0,0,0,0,0,0,0,0,0,0,103.28125,10.98002226,0.0,413.6080514,0.0,9.475026163999999,0.0,46.0,2.074191361,18.24535849,0.0,21.45769169,0.0,76.0,1.0,0.0,0.0,0.0,0.0,0.0,0.0,0.0,0.0,0.0,0.0,0.0,0.0
86,2,21,5,0.293,49,157,4,2,9,44,0,11,8,110,0,1268,8,95,74,0,2,18,37,121,0,44,609,3,4,6,0,0.0,29.02573825,0.0,0.0,79.2,16.18747824,0.0,20.0,4.974101072,20.48993405,0.0,30.95109746,0.0,72.46712755,8.454677052000001,0.0,0.0,66.98652298,15.64001157,54.30376207,0.0,19.58197096,55.57508929,53.0,0.0,0.0,0.0
27,1,25,4,0.3633,312,155,0,0,0,47,0,0,2401,245,0,2923,17,0,72,0,0,2,0,0,0,0,145,7,0,509,0,117.2115385,17.49335702,0.0,0.0,0.0,17.85540129,0.0,0.0,2.0,13.79612596,0.0,25.72618488,33.48859639,0.0,10.16546889,0.0,0.0,11.5,0.0,0.0,0.0,0.0,43.77020302,2.0,0.0,48.06238988,0.0
10,2,24,5,0.34600000000000003,288,87,0,0,23,88,0,70,5,97,22,2292,23,107,43,0,0,0,343,0,63,0,430,99,25,10,0,113.64583329999999,23.71130718,0.0,0.0,54.23076923,20.56627564,0.0,33.07044227,3.649422304,26.36413713,131.4069486,27.5261604,22.22003632,34.51911504,33.25800261,0.0,0.0,0.0,53.71995411,0.0,16.25705542,0.0,85.92267984,71.89327086,129.8,24.0,0.0
41,1,33,4,-0.0822,1300,488,11,31,363,435,0,216,122,59,164,5533,9,341,14,4,2,16,222,244,26,0,582,46,54,2142,0,122.80615379999999,22.54629108,12.0,44.0,103.6181075,33.2556271,0.0,10.21194491,9.242886062,19.01544862,39.29528275,19.3479124,92.0,52.29924406,70.0,21.5,6.0,26.3154665,32.50529887,55.76145692,13.75955589,0.0,53.69546766,32.91005961,39.79067784,41.70517535,0.0
71,1,21,4,1.0024,174,187,42,545,97,96,0,1,8,101,3,1826,18,36,9,0,0,8,15,61,0,111,61,15,0,0,9,72.6091954,14.62171784,42.43628169,145.5291747,42.171988299999995,29.94190933,0.0,2.0,3.555230552,24.67910906,30.0,34.12479307,114.43548270000001,50.65,16.64002782,0.0,0.0,0.0,138.1562111,43.84745763,0.0,145.4211315,58.30771018,26.20505059,0.0,0.0,103.365165
102,1,26,5,-0.0558,464,3820,0,279,227,428,1,20,61,138,35,2459,0,185,186,0,0,12,28,76,0,29,559,12,5,842,0,82.34482759,3.680592685,0.0,124.7117038,79.18893522,27.71651969,8.0,0.0,2.0,17.66658389,41.48352314,28.44198155,0.0,49.71595671,19.44133822,0.0,0.0,32.24005249,82.55282794,43.12958703,0.0,44.84324287,58.05789878,10.5,6.5,40.195047100000004,0.0
79,2,24,5,0.8584,269,218,0,101,15,104,0,39,8,503,0,3669,8,42,4,0,0,5,3,48,23,0,308,0,3,1087,0,297.6022305,14.9601518,0.0,16.11491854,68.67508971,5.074362699,0.0,34.5978851,2.4898365119999997,13.85600986,0.0,33.87313771,4.0,67.76147929999999,0.0,0.0,0.0,34.0,4.0,58.13916318,24.07163399,0.0,40.07023098,0.0,1.0,37.59674276,0.0
70,1,23,4,2.3534,171,2560,297,696,170,323,11,8,2289,210,39,2258,11,112,84,0,107,58,31,0,0,0,1659,9,11,28,6,222.4853801,7.054667327000001,30.21854959,85.79934759,12.59953153,15.3991491,2.9960082010000004,13.0,4.576222343,5.7232931879999995,14.02246366,12.223277099999999,15.28571429,14.62749879,2.9620868889999996,0.0,24.41380038,6.220522449,186.0958698,0.0,0.0,0.0,44.63040605,26.70411061,1.298002423,39.14938853,0.0
25,2,24,4,-0.2345,89,112,0,1,31,67,0,51,21,69,1,1693,4,129,4,0,0,24,70,25,0,0,480,0,24,479,0,53.46067416,4.874460386,0.0,18.0,149.8178366,27.28352651,0.0,111.3720887,3.0193190039999998,30.60618271,0.0,46.00844524,0.0,57.19720722,0.0,0.0,0.0,45.90677617,53.67132265,57.34366471,0.0,0.0,92.52414489,0.0,18.24000877,106.9994384,0.0
34,2,27,5,0.9607,153,182,5,0,17,116,0,10,23,77,0,1060,4,27,2,0,0,6,0,38,16,0,202,27,41,8,0,161.0457516,22.88399211,35.0,0.0,32.12338587,28.45014555,0.0,0.0,5.379395443,22.85971026,0.0,33.61116156,0.0,48.98232884,0.0,0.0,0.0,46.03014513,0.0,42.47599171,15.4375,0.0,48.91370017,51.51714076,43.60112539,0.0,0.0
126,2,19,4,0.2617,221,186,13,116,52,55,0,13,11,73,25,1329,3,26,33,0,0,5,0,40,0,0,287,0,34,416,0,135.3167421,23.80180287,41.27272727,269.7713052,421.0552464,24.17702802,0.0,35.88013365,3.9508366789999996,23.04658965,46.93585251,37.23400346,11.0,121.84564740000002,11.71503599,0.0,0.0,48.6,0.0,68.73651663,0.0,0.0,73.27261047,0.0,151.875,99.04605169999999,0.0
100,2,23,4,0.162,522,271,0,7,134,97,0,30,61,104,6,5469,29,45,152,0,0,5,212,76,0,99,231,0,4,108,0,322.05172410000006,11.37502427,0.0,427.36182649999995,49.11278498,22.70088008,0.0,11.77802635,4.5113316160000005,23.11622641,66.66666667,33.1849999,22.84192334,79.36009998,7.929706487000001,0.0,0.0,56.6,75.84007367,49.200630600000004,0.0,61.83833498,65.65655624,0.0,0.0,113.28691040000001,0.0
42,2,22,4,-0.3989,568,2077,0,0,178,336,0,126,1603,1316,100,8357,4,100,190,0,1,14,2,169,0,0,2448,6,45,1071,0,78.375,1.73494354,0.0,0.0,31.54694315,14.24477636,0.0,74.43484048,2.051138152,10.56095277,63.01694011,17.65581073,46.67019882,36.03560524,10.907827900000001,0.0,1.0,24.20925373,14.5,34.48681926,0.0,0.0,69.11076215,3.485016706,10.37944928,61.97420899,0.0
65,2,22,5,0.5095,149,128,0,88,164,331,0,60,42,67,0,1855,0,48,47,0,0,0,0,175,17,0,328,5,0,454,0,96.2147651,9.98520318,0.0,113.0402814,208.0239571,20.64059569,0.0,49.8730157,3.273859799,22.66969832,0.0,16.67161376,0.0,52.83368146,16.40527966,0.0,0.0,0.0,0.0,24.54004286,24.70588235,0.0,68.15970695,35.39011099,0.0,59.96832666,0.0
46,2,21,4,0.7341,101,17,0,81,8,193,0,3,11,2,0,481,0,42,0,0,0,47,0,0,0,0,121,0,0,234,0,20.98019802,30.01609774,0.0,123.83386589999999,240.0,30.60604202,0.0,33.0,9.906606323,58.5,0.0,48.58303342,0.0,60.50374259,0.0,0.0,0.0,34.31111111,0.0,0.0,0.0,0.0,97.41992011,0.0,0.0,164.2363824,0.0
21,2,28,4,-0.3466,124,112,0,2,101,160,2,25,16,379,19,1913,4,67,393,0,4,2,271,42,83,0,274,19,4,1041,0,42.66935484,15.05240127,0.0,95.0,123.0148992,65.23882023,0.0,78.17684948,4.939316216,76.472071,335.31635439999997,76.05765063,0.0,61.42437992,43.15966995,0.0,0.0,43.0,207.9734337,52.81629006,47.13364922,0.0,93.94123767,58.66666667,0.0,112.1913337,0.0
130,2,22,4,-0.0995,915,116,0,0,2,54,0,6,41,137,0,2598,4,47,7,0,0,35,0,0,0,0,253,0,10,358,0,84.33005464,25.53808237,0.0,0.0,0.0,27.59709537,0.0,0.0,3.6516472839999996,53.03001775,0.0,20.07724177,0.0,80.20316433,37.2,0.0,0.0,81.30886565,0.0,0.0,0.0,0.0,92.00319755,0.0,14.93341256,75.53142070000001,0.0
127,2,19,4,1.8813,75,201,0,440,6,424,0,0,18,185,0,3694,75,10,30,0,55,7,0,197,8,0,655,0,15,0,0,6.586666667,19.19470171,0.0,114.7965376,0.0,21.50222866,0.0,0.0,2.781148225,18.57552166,0.0,32.43339165,19.25167864,62.283019499999995,10.29386261,0.0,83.13129228,7.5840194379999994,0.0,36.67905365,4.1880143080000005,0.0,76.33045545,0.0,37.9508158,0.0,0.0
39,2,19,4,1.3901,378,127,0,16,3,11,0,4,10,56,0,1267,0,19,52,48,0,4,0,18,0,0,45,0,2,32,0,47.0026455,27.71486918,0.0,92.35224077,92.56049003,33.63636364,0.0,0.0,3.354680025,36.899249499999996,0.0,28.47688512,0.0,107.9683548,14.24551809,10.29455523,0.0,119.75,0.0,66.5438173,0.0,0.0,61.35535566,0.0,0.0,55.12156425,0.0
99,1,22,3,-0.1248,605,361,82,12,73,82,0,38,7794,214,311,5264,96,47,300,0,6,6,320,42,53,2413,631,0,7,2461,0,29.92396694,10.68947322,44.88361737,154.12035830000002,95.01866334,22.36457774,0.0,91.14481615,3.24073577,19.69936185,33.9541966,23.04144441,69.5017948,41.06666667,17.28213546,0.0,31.33333333,29.5,45.94342135,38.38467378,4.833471543,24.64933932,43.08903453,0.0,76.66666667,32.03129091,0.0
115,1,18,4,1.4207,318,751,45,765,294,925,18,21,89,94,14,2775,46,90,249,0,38,19,28,246,0,5,633,2,7,487,0,93.36163522,16.63401972,62.36561387,174.62447419999998,72.87306612,15.69683747,39.40369328,117.1203183,3.7529684660000004,19.92576419,69.0,35.4948404,29.63470277,30.77518009,21.21676058,0.0,48.58348445,193.45379509999998,30.76002453,48.14395146,0.0,54.66666667,55.68415767,0.0,4.0,45.17986777,0.0
50,1,20,4,0.6562,67,209,0,0,30,1363,0,75,80,967,0,1488,60,59,310,0,0,35,88,124,0,0,604,0,2,66,0,0.0,13.44967709,0.0,0.0,125.3503561,30.46372362,0.0,116.71186229999999,5.317411075,4.125052769,0.0,37.41987728,35.78842255,71.00422369,10.7261177,0.0,0.0,28.55209508,85.18086748,54.66403597,0.0,0.0,70.18367702,0.0,0.0,111.22862190000001,0.0
53,2,24,5,0.7257,276,192,9,83,33,206,0,13,56,54,0,1349,5,20,31,0,0,0,73,60,1,0,250,2,3,284,0,44.82246377,13.07624702,43.85005973,423.8535041,122.0791456,19.81681315,0.0,55.39511882,5.193358755,34.41087976,0.0,34.79303496,4.0,63.75785674,31.61371032,0.0,0.0,0.0,146.603153,67.31322978,8.0,0.0,110.2987926,50.0,2.0,138.3588771,0.0
134,2,22,4,2.4032,203,145,0,89,41,49,0,0,1673,141,0,1471,2,20,7,0,0,0,0,8,6,0,124,0,4,126,0,54.63054187,15.63005192,0.0,382.61775550000004,74.16154698,27.18773795,0.0,0.0,2.311368626,27.00236862,0.0,31.21254273,0.0,5.480024444,73.0,0.0,0.0,0.0,0.0,72.16666667,7.333333333,0.0,107.5714195,0.0,0.0,58.38010315,0.0
95,2,22,4,0.3459,130,745,0,42,186,35,0,10,148,111,8,1286,5,23,2,0,0,3,8,28,9,0,352,0,4,1177,0,184.1461538,14.12244822,0.0,442.74817889999997,279.23188860000005,20.56243782,0.0,0.0,2.637792878,36.96228874,60.45727061,23.90204375,6.0,55.97457567,0.0,0.0,0.0,2.0,36.5,58.29167341,25.55555556,0.0,66.95277564,0.0,0.0,62.35287959,0.0
94,2,24,5,1.1517,50,310,0,3,9,88,0,4,43,29,0,849,18,35,10,0,9,32,0,26,17,0,102,0,63,0,0,0.0,37.3362985,0.0,252.74140330000003,12.0,25.34536702,0.0,0.0,19.46136154,17.46323273,0.0,61.7779256,54.19224534,40.44876485,130.6,0.0,20.85714437,186.13383269999997,0.0,80.29066147,12.97431635,0.0,105.4545636,0.0,109.0188679,0.0,0.0
111,2,21,4,-0.5453,78,476,0,7,42,111,0,1,41,201,37,2874,7,40,73,0,0,27,700,174,28,13,242,0,40,1408,0,1.5,16.18030737,0.0,5.490012237,56.31298941,16.69178111,0.0,4.0,3.5274756660000004,23.59430857,84.32209114,38.77404108,29.6,55.88342363,6.560007213,0.0,0.0,49.97174267,50.48743269,41.69743005,40.86453647,38.53605985,38.01187309,0.0,59.06373434,42.9690623,0.0
74,2,18,4,0.5404,1055,343,9,4,70,251,0,48,45,238,18,4599,4,84,123,0,0,110,8,60,5,18,524,2,99,2999,0,43.36113744,20.55907162,5.333333333,381.0,142.1982564,33.51869357,0.0,44.17082393,3.007555315,29.94550278,73.25261738,16.57406024,0.0,49.24001552,35.76983077,0.0,0.0,34.10795983,7.788014535,40.30102708,13.6,48.92879567,70.21218699,0.0,20.491835199999997,39.12572833,0.0
40,2,23,4,2.4034,471,544,0,172,43,494,0,20,70,121,0,3750,2,266,16,47,0,28,2,119,2,6,612,2,7,809,0,133.6815287,16.45441417,0.0,283.2923773,73.08533289,22.4064694,0.0,0.0,3.630879445,43.77597042,0.0,18.20102451,0.0,55.00074317,35.0,2.0,0.0,77.08779302,0.0,62.42299779,3.5,127.0998886,64.18771989,0.0,152.0,51.56239677,0.0
31,2,21,4,0.498,121,362,3,448,275,40,0,40,62,42,1,2110,4,11,34,0,5,23,0,63,1,27,162,0,23,548,0,0.0,17.41791084,49.0,66.35928285,52.74598220000001,14.08001186,0.0,27.75756489,3.3759914810000002,37.22831057,0.0,31.01660092,0.0,44.0,6.974313874,0.0,113.25,46.39432615,0.0,57.44071912,32.0,32.97530273,67.36985739,0.0,55.14854273,112.6804581,0.0
11,1,20,4,1.1349,51,1505,0,100,2,142,0,90,15,52,5,841,2,17,72,0,14,5,0,18,0,23,202,0,0,0,0,17.82352941,7.946221414,0.0,92.21908468,0.0,28.35404732,0.0,101.17238470000001,5.354290279,25.90870845,146.0,94.20891591,0.0,82.12628076,7.110014087000001,0.0,108.3351983,12.97003341,0.0,70.50000546,0.0,75.34212990000002,91.61849455,0.0,0.0,0.0,0.0
37,1,21,4,0.9459,362,2836,0,507,46,64,8,4,20,34,0,2089,11,89,63,0,1,5,0,0,0,0,564,3,4,229,0,184.1740331,2.287255446,0.0,84.22611749,73.66021540000001,14.37949082,8.313357127,0.0,3.717782686,6.260011034,0.0,30.02647425,16.94007059,38.89621532,19.11309068,0.0,0.0,157.5,0.0,0.0,0.0,0.0,48.79899842,0.0,0.0,41.06301614,0.0
9,2,21,4,0.259,37,204,0,387,23,269,0,84,19,126,91,2086,17,21,15,75,0,11,7,316,2,0,446,6,14,95,0,241.86486490000001,9.991115875,0.0,366.9015221,18.60673837,15.44263461,0.0,79.57480968,3.507751075,24.26108448,115.4935021,37.60315129,47.04004995,33.57142857,71.18181818,7.461809137,0.0,20.45505281,28.93507239,50.76166068,0.0,0.0,53.72271553,65.86515532,12.09113414,34.76515632,0.0
132,2,22,5,0.3392,42,614,0,3,65,46,18,9,17,119,0,3144,0,39,158,0,8,1,0,59,76,22,182,0,0,1856,0,341.5,20.8424797,0.0,148.0,52.1779308,16.1533407,72.31146581,75.66666667,4.846273817,39.62591622,0.0,38.10434048,0.0,49.696492299999996,9.074864024,0.0,39.33333333,82.0,0.0,55.89756113,31.25446223,42.41666667,71.46387077,0.0,0.0,52.60055246,0.0
62,2,20,5,-0.4407,330,256,0,0,2,46,0,0,16,126,2,2719,14,13,0,0,0,11,0,15,0,0,32,0,0,774,0,74.58181818,21.7157995,0.0,0.0,15.0,13.00108295,0.0,0.0,3.300916763,20.24200262,29.0,32.03339114,100.1138698,49.75606355,0.0,0.0,0.0,94.68813054,0.0,43.38461884,0.0,0.0,61.68939487,0.0,0.0,154.8518615,0.0
91,2,22,4,0.6379,241,177,0,4,125,339,0,13,34,25,16,1549,9,117,18,0,0,66,29,9,0,0,271,0,7,165,0,29.53941909,19.44118719,0.0,0.0,40.22055446,50.57077655,0.0,122.2883825,5.3315807930000005,23.20637329,57.02608998,29.91431137,29.0,60.42507975,30.95005184,0.0,0.0,45.82318979,32.303376899999996,66.66666667,0.0,0.0,76.31537752,0.0,112.0,48.61076887,0.0
