,Gender,Age,Education_lev,fluidIQ,freq_calls,freq_Tools,freq_Finance,freq_Games,freq_Entertainment,freq_Productivity,freq_Personalization,freq_News...Magazines,freq_Unknown,freq_Photography,freq_Shopping,freq_Communication,freq_Books...Reference,freq_Travel...Local,freq_Music...Audio,freq_Medical,freq_Education,freq_Business,freq_Lifestyle,freq_Transportation,freq_Weather,freq_Sports,freq_Browser,freq_Health...Fitness,freq_Media...Video,freq_Social,freq_Comics,dur_calls,dur_Tools,dur_Finance,dur_Games,dur_Entertainment,dur_Productivity,dur_Personalization,dur_News...Magazines,dur_Unknown,dur_Photography,dur_Shopping,dur_Communication,dur_Books...Reference,dur_Travel...Local,dur_Music...Audio,dur_Medical,dur_Education,dur_Business,dur_Lifestyle,dur_Transportation,dur_Weather,dur_Sports,dur_Browser,dur_Health...Fitness,dur_Media...Video,dur_Social,dur_Comics
26,2,27,5,0.0514,229,238,0,0,3,82,0,0,1,37,0,1251,0,12,62,0,0,0,0,43,0,0,19,0,0,4,0,146.825327510917,42.7007114604825,0.0,0.0,30.0,28.470025526405102,0.0,0.0,7.633861819569209,21.1629173614573,0.0,34.8582018263629,0.0,57.98822617910479,9.23929735877985,0.0,0.0,0.0,0.0,59.5089675660801,0.0,0.0,31.257778779475302,0.0,0.0,0.0,0.0
8,2,20,4,0.2676,129,493,84,2,94,228,20,24,240,635,1,4575,25,33,27,0,2,39,4,21,13,0,1494,0,39,365,0,0.0,6.18271775583321,36.319479203579,207.0,77.82347197140021,18.905723110778602,1.2094734937375,2.0,3.09165595600188,20.4981831624221,6.0,33.9561196403494,29.7140285102452,61.946773161095706,8.08762803257072,0.0,0.0,46.1177188170591,0.0,57.8,2.0,0.0,59.6718028962428,0.0,17.5896970275401,65.20705877889671,0.0
86,2,21,5,0.293,49,157,4,2,9,44,0,11,8,110,0,1268,8,95,74,0,2,18,37,121,0,44,609,3,4,6,0,0.0,29.0257382467869,0.0,0.0,79.2,16.187478237525102,0.0,20.0,4.97410107241029,20.4899340524983,0.0,30.9510974612204,0.0,72.4671275511171,8.45467705234709,0.0,0.0,66.98652297895549,15.6400115665715,54.3037620652989,0.0,19.5819709577207,55.57508929457,53.0,0.0,0.0,0.0
78,2,21,4,0.8868,217,211,0,9,12,176,0,43,30,228,0,3807,4,173,28,0,1,0,7,0,0,0,674,0,11,6,0,85.2534562211982,14.3727344760145,0.0,10.0,61.056136987854394,26.280924193813895,0.0,160.80047913009,3.00456322009933,17.1704672115806,0.0,27.379535124639002,0.0,55.6693953796387,13.984557569930699,0.0,34.0,0.0,28.0,0.0,0.0,0.0,87.62889305722608,0.0,27.0,17.0,0.0
43,2,23,4,0.203,147,620,0,65,187,60,0,26,294,56,0,1521,82,25,45,0,0,25,0,4,0,0,251,84,2,126,0,0.0,3.9345689955723397,0.0,137.296569170616,221.91523184432202,19.2211762164953,0.0,77.36021247694059,2.4452252370424903,21.473462940549396,0.0,30.6379348457258,23.711547225578602,52.637632298,7.1864933962762905,0.0,0.0,29.059142953612103,0.0,82.25,0.0,0.0,85.91002257683891,22.755052129267696,109.5,279.483673554125,0.0
85,2,20,4,0.9317,372,1082,0,603,32,380,24,4,658,439,0,7765,42,184,38,50,0,1,38,0,105,0,590,8,108,3800,0,47.7795698924731,1.8978331043416001,0.0,132.862607065569,93.0,22.6872604775948,1.0,0.0,2.24630239006463,11.0287303736547,0.0,14.7279195242733,15.6748800468107,39.535077598358605,6.170653415305179,1.6322454874121601,0.0,12.0,1.46562867601903,0.0,13.337766091421402,0.0,37.531050671571,0.0,13.0577201465554,25.5525322926999,0.0
22,2,20,4,0.08199999999999999,209,245,0,243,35,119,0,0,25,194,23,1769,13,48,40,0,0,23,0,134,44,0,411,0,61,303,0,55.693779904306204,11.2936723857655,0.0,74.17537698907229,167.976637846737,24.546997634858602,0.0,0.0,3.22473797480406,19.053120188682,34.643066621377805,31.9663937035042,35.291832033235295,51.16850145150661,43.1217627928742,0.0,0.0,41.5478503876414,0.0,50.817452545929996,8.34200831639667,0.0,83.0972599458475,0.0,47.5695108759408,50.7905118510797,0.0
50,1,20,4,0.6562,67,209,0,0,30,1363,0,75,80,967,0,1488,60,59,310,0,0,35,88,124,0,0,604,0,2,66,0,0.0,13.449677092391902,0.0,0.0,125.35035609036001,30.463723615868897,0.0,116.711862282479,5.31741107514255,4.12505276940786,0.0,37.4198772777181,35.7884225478864,71.0042236855713,10.726117700323499,0.0,0.0,28.552095082664103,85.18086747806609,54.6640359739011,0.0,0.0,70.1836770162795,0.0,0.0,111.228621928847,0.0
45,2,21,4,0.9461,401,237,0,210,10,54,0,16,25,131,12,1993,69,73,12,0,22,40,34,91,17,0,343,0,15,608,0,157.72319201995,9.02767963189937,0.0,333.560878939218,11.0,12.7342438201884,0.0,0.0,4.7622488586947105,38.0917887296879,31.638059211507898,29.476330519892503,48.0193787782081,78.00985336954591,0.0,0.0,12.5,33.728448880186804,33.2534291328662,54.92106274207911,23.737513477005102,0.0,67.40755804667849,0.0,50.85016403251429,79.1839705891257,0.0
24,2,20,4,0.4028,202,147,0,161,11,61,0,4,19,51,0,1609,4,161,8,0,0,0,0,0,0,0,128,0,4,375,0,44.4306930693069,18.825831646753,0.0,350.93961924178103,41.3333333333333,51.47012768420429,0.0,151.0,5.55182975049003,38.478052093464704,0.0,30.6377046978931,0.0,41.71776583010121,0.0,0.0,0.0,0.0,0.0,0.0,0.0,0.0,69.74156658735811,0.0,0.0,26.826113371658803,0.0
59,2,19,4,0.7233,354,278,0,29,96,128,0,0,20,141,17,2841,18,49,27,46,0,65,11,77,5,0,227,0,0,670,0,72.1016949152542,18.220908034237002,0.0,103.417666709687,92.0951928717383,25.398647533323803,0.0,0.0,2.9968610633861,22.300232451138,111.0,28.2116428795572,50.2801755922653,50.704584774187296,12.6908445723633,3.45795250845963,0.0,10.9253023667528,110.60598219323099,41.7358035351401,22.6666756145152,0.0,50.172999713642,0.0,0.0,65.3263597046415,0.0
113,2,19,4,0.5920000000000001,71,208,0,88,62,130,0,26,19,132,15,1591,2,52,123,0,0,0,159,34,1,38,505,104,17,1351,2,0.0,18.0744017831159,0.0,1148.88536472953,91.09656587083789,24.211173246045398,0.0,124.20159242039499,4.7527352785376795,26.137261448253497,98.64625964683759,53.2678023332687,0.0,46.500555486798,15.236610943280098,0.0,0.0,0.0,17.8800475596068,61.161385244400996,21.0,49.20003148264179,48.399148593035605,69.0891000030739,35.2978138480434,73.1344101360481,0.0
54,1,25,5,1.1163,305,347,0,47,33,52,0,130,21,173,0,2128,52,74,23,0,23,18,7,55,0,0,239,0,4,4,0,228.160655737705,27.3119550986301,0.0,202.0,207.97714276595798,12.036891763760801,0.0,136.354258925389,2.6338310880352203,18.7181085891765,0.0,22.3877322382374,19.1258772864684,64.3193008096175,4.39200957123295,0.0,7.52000773602898,176.04647919514,96.75,40.4295916183954,0.0,0.0,88.2854718845989,0.0,0.0,0.0,0.0
27,1,25,4,0.3633,312,155,0,0,0,47,0,0,2401,245,0,2923,17,0,72,0,0,2,0,0,0,0,145,7,0,509,0,117.21153846153798,17.493357018912402,0.0,0.0,0.0,17.855401292918803,0.0,0.0,2.0,13.7961259593976,0.0,25.726184880806304,33.4885963877136,0.0,10.1654688922652,0.0,0.0,11.5,0.0,0.0,0.0,0.0,43.770203015799105,2.0,0.0,48.0623898751171,0.0
62,2,20,5,-0.4407,330,256,0,0,2,46,0,0,16,126,2,2719,14,13,0,0,0,11,0,15,0,0,32,0,0,774,0,74.58181818181819,21.715799502300502,0.0,0.0,15.0,13.001082949633501,0.0,0.0,3.30091676295711,20.2420026181871,29.0,32.0333911432242,100.113869773699,49.75606354691261,0.0,0.0,0.0,94.6881305352376,0.0,43.3846188422497,0.0,0.0,61.689394870163795,0.0,0.0,154.851861478978,0.0
115,1,18,4,1.4207,318,751,45,765,294,925,18,21,89,94,14,2775,46,90,249,0,38,19,28,246,0,5,633,2,7,487,0,93.36163522012579,16.6340197170497,62.365613871707794,174.624474208078,72.8730661152298,15.6968374746239,39.4036932771777,117.120318334212,3.75296846631747,19.925764188824502,69.0,35.494840404626295,29.634702767992703,30.7751800924637,21.216760584790897,0.0,48.5834844455894,193.453795112958,30.760024526469802,48.1439514643317,0.0,54.6666666666667,55.6841576680443,0.0,4.0,45.1798677665413,0.0
114,1,21,4,0.6111,44,399,3,653,71,358,0,96,92,200,27,633,104,89,26,3,50,10,216,23,4,1,450,290,32,2282,0,23.5,18.3616723351027,12.0,70.5852451516176,58.73222317638229,14.4378036873723,0.0,158.668873649906,3.54565223109203,18.053299108327103,32.9267535890706,37.999867848037205,67.12042827360871,62.8630205237941,1.9133365455052098,88.0,55.736101225872495,55.0,97.5930270060116,51.4,12.3133543232651,136.0,62.174391312477596,19.8694081250933,5.0,75.99295474637529,0.0
122,2,32,5,0.8407,1172,33,0,0,0,364,0,0,20,49,0,1448,0,0,3,0,0,10,0,0,73,0,185,0,7,0,0,87.0068259385665,12.8052401278984,0.0,0.0,0.0,4.37365590382866,0.0,0.0,8.54648254109792,19.360051768646603,0.0,5.060195667187791,0.0,0.0,3.0,0.0,0.0,93.90899767781842,0.0,0.0,10.492476900334301,0.0,153.89716195541402,0.0,28.0,0.0,0.0
104,1,26,5,1.7384,32,4,0,55,2,7,0,2,2,17,0,223,0,1,1,0,0,0,0,0,0,0,0,0,0,0,0,103.28125,10.9800222614975,0.0,413.60805142334397,0.0,9.475026163916802,0.0,46.0,2.07419136107236,18.2453584946297,0.0,21.457691692752,0.0,76.0,1.0,0.0,0.0,0.0,0.0,0.0,0.0,0.0,0.0,0.0,0.0,0.0,0.0
84,2,24,4,1.263,832,180,0,0,13,61,0,4,28,141,0,1808,4,60,21,0,0,14,0,2,75,0,64,0,2,7,0,143.997596153846,18.8138337337532,0.0,0.0,38.3333333333333,41.1877535309996,0.0,0.0,6.894320982558969,38.7906632730716,0.0,15.204091344840199,21.0,90.42929517375092,10.090909090909099,0.0,0.0,97.7142857142857,0.0,0.0,29.730180940042896,0.0,51.803789787202206,0.0,0.0,6.0,0.0
60,1,22,4,1.4571,150,3859,8,2893,218,184,14,8,3661,180,9,2602,17,49,94,0,28,2,34,31,0,38,192,11,21,178,0,13.0,0.0,0.0,71.4965579935532,203.354180779273,11.5899352551805,31.546057806049,0.0,2.72348185014338,3.8909782107861095,54.428571428571395,14.5256151531973,10.5920097868301,54.5882352941176,7.92409290693591,0.0,32.1813025950444,0.0,84.412523706405,31.533039926820603,0.0,17.880027666209898,43.535050361094505,6.0,14.0,26.2698192370197,0.0
18,1,31,5,-0.2644,601,326,146,110,41,1761,13,53,5677,135,39,3827,5,90,223,0,15,95,8,54,12,0,368,0,45,206,0,91.4409317803661,18.026913616578398,64.9454697500168,70.94576296558951,100.852286455967,15.566517289146098,12.486677302637,98.2935097395813,5.518634681047231,18.9596531593405,76.61582385180441,30.714260601042,329.66666666666697,39.662306826922105,73.3510652868223,0.0,171.865468312864,37.679071128196604,149.507268415546,86.5635012734898,18.4728829952354,0.0,39.6272983213906,0.0,56.4673125083943,35.3933341712582,0.0
92,2,26,5,0.539,311,132,0,355,0,192,0,62,16,226,0,1831,4,56,1,0,2,0,0,50,0,0,382,0,0,293,0,110.24437299035401,18.8869584567581,0.0,350.160163279625,0.0,24.5444109905097,0.0,104.335489513682,3.32576609002846,15.0767846654,0.0,34.7856709542951,0.0,32.9549269703395,22.0,0.0,70.5,0.0,0.0,39.7878199340639,0.0,0.0,42.3441244233156,0.0,0.0,56.8439409816994,0.0
33,1,21,4,1.0549,84,1420,43,370,311,120,15,213,1417,226,17,1773,4,42,296,0,109,34,150,68,12,1,321,26,5,37,0,66.0952380952381,1.9937030889728,58.4139921639851,13.365142245883698,99.13577569644251,10.477952864386,2.99500809792,105.520775147691,3.3641687686188595,7.402690438735889,34.0240474484793,11.6280121479656,0.0,45.41917327577129,9.7862857413652,0.0,2.36987140641011,16.196718641571,13.9410473000856,34.4319496715343,18.2991185439694,14.0,37.5165183035589,13.6100088245139,4.0,3.9900111371158795,0.0
94,2,24,5,1.1517,50,310,0,3,9,88,0,4,43,29,0,849,18,35,10,0,9,32,0,26,17,0,102,0,63,0,0,0.0,37.3362985013135,0.0,252.74140327660098,12.0,25.3453670234405,0.0,0.0,19.461361537045,17.4632327263327,0.0,61.7779255974344,54.1922453430538,40.4487648450355,130.6,0.0,20.857144367498897,186.133832654236,0.0,80.2906614665775,12.974316345381999,0.0,105.45456358532101,0.0,109.01886792452801,0.0,0.0
48,2,20,4,-0.5943,85,164,0,1381,47,47,0,8,71,16,0,1465,5,15,8,0,0,61,0,0,0,48,541,0,13,20,0,29.458823529411802,30.9811093469933,0.0,483.54608176929605,59.3956469625911,41.8865741046647,0.0,0.0,5.391839829060481,8.83232082592878,0.0,56.3289395304058,6.0,42.1198663546094,0.0,0.0,0.0,78.4285803589984,0.0,0.0,0.0,856.174395066658,252.813081751711,0.0,19.3829027441784,150.486954980952,0.0
7,2,18,4,0.5361,368,926,0,121,508,202,0,7,34,443,3,6019,12,192,183,45,28,23,1,0,60,0,624,47,27,1344,0,31.777173913043498,16.143544792428,0.0,183.087772629211,182.97718093787202,12.091482690870302,0.0,8.25,2.0,23.757152965638898,0.0,29.532116364015103,10.990014900468699,37.4433604553719,21.0638291362531,2.0,50.881585244321606,23.9500561232861,0.0,0.0,3.6678326249729802,0.0,38.1785204039899,25.639535827025103,43.182416750976,48.548518692846,0.0
16,2,20,4,0.9763,134,111,7,0,19,374,0,11,25,93,16,1326,69,73,37,0,0,10,4,56,0,0,311,52,4,736,0,35.865671641791,26.81980462443,49.7467401537115,0.0,322.70498663738397,22.136856384639,0.0,18.2350173350553,3.5683501200682404,10.120037054339699,72.0884186666962,28.587304214647798,34.0477710535499,52.8957106363577,22.3243246976409,0.0,0.0,16.6,0.0,60.044082915988795,0.0,0.0,72.8200699968142,58.9900640569064,46.2068076561508,67.8793750885661,0.0
128,2,19,4,0.5735,138,218,0,0,111,104,65,4,102,182,29,1491,73,44,27,0,0,32,16,1,0,0,544,17,5,819,0,60.6666666666667,8.631371135090559,0.0,0.0,17.716246835796102,22.087980083189898,85.64337458680659,0.0,3.8402838930188103,20.409978345461603,39.9974873495921,51.876866928007004,49.7386770333344,51.1413543312894,26.0,0.0,0.0,59.909352404403,59.4721508539857,0.0,0.0,0.0,71.8461914646959,176.540428936069,0.0,48.588159707474496,0.0
10,2,24,5,0.34600000000000003,288,87,0,0,23,88,0,70,5,97,22,2292,23,107,43,0,0,0,343,0,63,0,430,99,25,10,0,113.645833333333,23.711307177365498,0.0,0.0,54.230769230769205,20.5662756431128,0.0,33.0704422657208,3.6494223036252498,26.364137126607105,131.406948624694,27.5261603954931,22.2200363189877,34.519115041058896,33.2580026059548,0.0,0.0,0.0,53.719954107087204,0.0,16.257055420380198,0.0,85.92267984222609,71.893270864234,129.8,24.0,0.0
2,2,22,5,0.5541,226,135,0,347,6,75,0,9,6,40,19,1068,12,20,2,0,69,3,0,47,0,0,101,0,0,277,0,84.90265486725659,27.019118684254998,0.0,178.964202013156,0.0,32.312865579066504,0.0,95.70033411347642,5.06264699216205,38.5773615906811,39.3891527673469,25.3616921751968,35.6600604240646,149.456140917324,20.0,0.0,239.753780984539,3.6666666666666696,0.0,65.9774540339823,0.0,0.0,86.0990517091466,0.0,0.0,78.2534317727397,0.0
51,1,36,3,-0.2902,169,236,0,1055,34,121,6,6,15,23,8,378,2,33,101,0,0,22,0,7,0,0,234,0,2,671,0,119.686390532544,13.6563241663629,0.0,184.171345077502,115.424904136017,23.125070774007696,40.2201375866413,0.0,3.62125918336524,21.3906123902995,43.9101002340429,24.730223985937,0.0,42.5100794552862,8.10557602584007,0.0,0.0,16.972033610488,0.0,70.33331935231999,0.0,0.0,91.62069540269128,0.0,0.0,68.838309054214,0.0
101,2,18,4,0.1532,377,95,0,122,22,30,0,132,10,43,0,1555,10,13,31,2,0,5,88,8,0,0,92,0,4,57,0,192.334217506631,22.0083240943681,0.0,338.294003422577,47.8500921772528,30.396790131163602,0.0,30.997136688446897,4.57775446929637,33.1978860947861,0.0,33.667144771360995,0.0,36.9600445484635,4.98589779754173,8.0,0.0,52.2667455307164,17.9628005152722,77.59812271790041,0.0,0.0,73.7626267958279,0.0,0.0,42.9971299095989,0.0
116,1,27,5,1.368,134,886,0,13,44,130,0,191,16,2,512,1307,7,63,25,0,0,33,9,2,1,384,875,23,10,127,0,68.0522388059701,3.88892254207402,0.0,254.333333333333,132.029938415947,20.746052627416898,0.0,82.94717581010109,2.92523597865901,53.0,33.4021218154886,11.257619202804001,82.0,39.7155664836451,10.653349527049802,0.0,0.0,36.4191126765442,65.0,0.0,14.0,30.643343194186503,65.1535394316987,17.3,55.8002227423176,13.601837773354198,0.0
30,2,22,4,0.2014,114,450,0,170,111,176,0,72,43,186,2,6947,14,49,110,0,0,21,1,210,47,0,1080,11,26,12,0,0.0,6.28465405295655,0.0,43.6158731362278,51.8396310157765,18.453739845524,0.0,46.3682763262523,2.69230215087237,14.013362780808698,0.0,22.117406591230196,20.973365164375302,46.132358382285204,11.9020927191147,0.0,0.0,22.408770395433397,0.0,34.045154407122695,4.2207796817289,0.0,87.8959056887383,42.1076733862402,152.020827646817,0.0,0.0
